Bucket,Filename,Banny Name,$JBX Range,Range width,Arcana,Comms,Grind,Perception,Strength,Shadowiness,History,Motto,HistoryRU,MottoRU,,,,,,,,,,,
1,Namu.png,Nammu,1-99,99,5,0,0,4,0,5,"The Banny that started it all. The one. The only. The magnificent, majestic and magnanimous. The OG Banny. All Bannies take some part from illustrious existence. Many Bannies tell tales of a vague, distant memory— some ascribe it to pure chance, others to the supernatural. Then yet other will tell you that OG Banny is bound to come into the world, in full, fleshy banana form. Others say he has come back many times, sometimes as an apple, other times as an orange. And yet others say he is yet to come, and when he comes, existence as we know it will change. And then there’s those who say that he’s far more than any of that: he’s a historical whisper, lost for generations and whose echo reverberates around the lore he inspired. An OG, if ever there was one.","In the beginning, there was OG Banny.","Банни, который начал все это. Тот самый. Единственный. Великолепный, величественный и великодушный. Ог Банни. Все изделия принимают участие в прославленном существовании. Многие изделия рассказывают рассказы о смутной, отдаленной памяти - некоторые приписывают его чистой случайности, другим - сверхъестественному. Тогда еще другие скажут вам, что Ог Банни обязательно придет в мир, полностью мясистой банановой формы. Другие говорят, что он возвращался много раз, иногда как яблоко, иногда как апельсин. И другие говорят, что он еще впереди, и когда он придет, существование, как мы знаем, это изменится. И затем есть те, кто говорит, что он гораздо больше, чем что -то из этого: он исторический шепот, потерянный для поколений и чье эхо отражается вокруг знаний, которые он вдохновлял. Ог, если когда -либо был один.",Вначале был Ог Банни.,,,,,,,,,,,
2,Farceur.png,Farceur,100-199,100,2,4,1,2,1,0,"A ostensibly jovial banana if ever there was one, Farceur is stuffed from end to end with silly laughs and slapstick goodness. He’s a proverbial wild-card that you can always count on to get a laugh or shock his eager audience. But something about his expression as of late seems a bit troubling— a certain ennui in the eyes that suggests he, a banana who gives all his joy for others to be entertained, may have nobody to bring joy to him. A sad clown he is not— at least, not yet. They say here and there and everywhere, across all the lands, that Farceur can make anyone laugh at will. Indeed, one day a banana sat forlorn in a confessional and, being at his wits end, confided that he was in desperate straits, and felt like there was not joy in the world. “I’m sorry you feel this way,” the father told him, “I hear that Farceur is in town, and he can make any banana laugh. Please go see his show. He will help you.” “But father,” the banana cried in anguish, “I am Farceur!”",You do not yet understand the stage. How could you possibly understand life?,"Якобы веселый банан, если он когда -либо был, фарсер набит от конца до конца с глупым смехом и блажкой. Он общеизвестный дикий карт, на который вы всегда можете рассчитывать, чтобы посмеяться или шокировать его нетерпеливую аудиторию. Но что -то в его выражении в последнее время кажется немного тревожным - определенный в глазах, который предполагает, что он, банан, который дает всю свою радость, чтобы другие развлекали, может не иметь никого, чтобы принести ему радость. Грустный клоун, он не - по крайней мере, пока нет. Они говорят, что здесь и там и везде, по всем землям, что Фарсер может заставить любого смеяться по желанию. Действительно, однажды банан сидел в исповеди и, будучи в его остроумие, признался, что он был в отчаянном проливе, и чувствовал, что в мире не было радости. «Мне жаль, что вы так почувствуете, - сказал ему отец, - я слышал, что Фарсер находится в городе, и он может рассмешить любое банановое. Пожалуйста, зайдите в его шоу. Он поможет вам ». «Но отец, - закричал банан в страданиях, - я фарсеер!»",Вы еще не понимаете сцену. Как ты мог понять жизнь?,,,,,,,,,,,
3,Action Bronson.png,Bronson,200-299,100,0,4,4,2,3,0,"Whether you want some fresh hummus, or a nice gyro with a side of sweet potato fries, or even just one of your enemies dismembered by a psycho with a meat cleaver who can also keep rhythm on the beat, Bronson is your banana. Cuddly and unassuming at first glance, he’ll turn up the charm if you’re been nice, and the violence if you’ve been naughty. He runs a tight ship on any kitchen, and he likes to bring the pain when he needs to. Some say the meals he makes can put any man in good spirits. He’s always wanted to cook for Farceur, who he heard was down in the dumps, but so far he’s never had a chance. Will that change in the future?",We makin’ enemies or we makin’ kafta over here?,"Хотите ли вы немного свежего хумуса или хорошего гиропада с фри из сладкого картофеля, или даже только один из ваших врагов, расчлененных психо -блюдом с мясным лейком, который также может сохранить ритм на ритме, Бронсон - ваш банан. Пылающий и скромный с первого взгляда, он приведет очарование, если вы будете хорошими, и насилие, если вы были непослушными. Он управляет узким кораблем на любой кухне, и ему нравится причинять боль, когда ему нужно. Некоторые говорят, что блюда, которую он готовит, может поставить любого человека в хорошее настроение. Он всегда хотел приготовить для Фарсера, который, как он слышал, был на свалках, но до сих пор у него никогда не было шансов. Это изменится в будущем?",Мы поднимаем врагов или мы здесь?,,,,,,,,,,,
4,Johnny Utah.png,Johnny Utah,300-399,100,0,3,4,1,0,0,We makin’ enemies or we makin’ kafta over here?,I’m just an ordinary banana who likes to surf. Nothing to see here.,Мы поднимаем врагов или мы здесь?,"Я просто обычный банан, который любит заниматься серфингом. Здесь ничего нет.",,,,,,,,,,,
5,Musa.png,Musa,400-499,100,0,2,5,2,4,1,"Sweet in nature and with a proven track record of tilling fields and reaping what he sows, Farmer Banny is popular and good-natured, and oddly attractive for apes of all species. He knows how to keep his head down and put in a good bit of elbow grease to get the job done. He’s so consistent, in fact, that one may wonder if there isn’t a second life he may be hiding. After all, who can be so put-together?",You reap what you sow.,"Сладкий по своей природе и с проверенным послужным списком топливных полей и пожинателя того, что он сеет, фермер Банни популярен и добродушен, и, как ни странно, привлекателен для обезьян всех видов. Он знает, как сдержать голову и положить в локоть смазку, чтобы выполнить работу. На самом деле он настолько последовательен, что можно задаться вопросом, не может ли он скрывать вторую жизнь. В конце концов, кто может быть так полон?",Что посеешь то и пожнешь.,,,,,,,,,,,
6,Primrose.png,Primrose ,500-599,100,1,4,2,4,1,0,"Primrose is an absolute delight of a Banny if ever there was one. She’s covered in a double-coat of skin and clothing, and when her personality blooms, a fragrant waft of gentle sweetness fills the air. Not unlike a budding flower, Primrose shows the colors of her personality to attract friends and foes alike. But beware— they say she has no thorns, but that may just be because she’s so good at hiding them.",Not all thorns have roses.,"Primrose - это абсолютное удовольствие от баня, если когда -либо было. Она покрыта двойным покрытием кожи и одежды, и когда ее индивидуальность расцветает, ароматный каляние нежной сладости заполняет воздух. В отличие от начинающего цветка, Primrose показывает цвета своей личности, чтобы привлечь друзей и врагов. Но будьте осторожны - они говорят, что у нее нет шипов, но это может быть просто потому, что она так хороша, чтобы скрыть их.",Не все шипы имеют розы.,,,,,,,,,,,
7,Princess Peach Toadstool.png,Princess Peach Toadstool,600-699,100,1,5,3,3,2,0,"Ostensibly always in need of rescuing, Peach has a habit of finding herself in situations that can seem a bit overwhelming. But notice— each situation is met with a hero to save her, willing to die for her. One rescue we may chalk up to unexpected trauma. Two rescues? Bad luck, to be sure. But dozens? What in her personality is bringing about these constant kidnappings? Could it be that she’s just so sweet that no kidnapper can stay away? Or is her saccharine bubbly beauty nothing more than a honey pot, the mechanisms of which we have yet to figured out?",Help meeeee!,"Якобы всегда нуждаясь в спасении, Peach имеет привычку оказываться в ситуациях, которые могут показаться немного ошеломляющей. Но обратите внимание - каждая ситуация встречается с героем, чтобы спасти ее, желая умереть за нее. Одно спасение мы можем записать на неожиданную травму. Два спасания? НЕДОСТАВЛЯЕТ, чтобы быть уверенным. Но десятки? Что в ее личности приносит эти постоянные похищения? Может быть, она такая милая, что ни один похититель не может держаться подальше? Или ее сахариновая игривая красота не что иное, как медовый горшок, механизмы которых мы еще не выяснили?",Помоги мне!,,,,,,,,,,,
8,Rose Bertin.png,Rose Bertin,700-799,100,0,4,4,2,2,0,"Nobody has an eye for style like Rose, the most fashion-conscious Banny. Whether strapless, trapeze or princess, there isn’t a type of dress she can’t design with the utmost care and skill. Her artistry and unmatched skill means she is in demand by only the most powerful Bannies in the universe, where she also crafts find hats and serves as an advisor to the powers that be. The hats she makes have crowned royalty, but don’t get it twisted— when the going gets tough, Rose knows how to get out of dodge. When the hammer falls, it’s not Rose’s head that gets smashed to bits— but whoever’s it is may just be wearing one of her hats.",Rulers are charming marionettes.,"Никто не имеет внимания на стиль, как Роуз, самый важный бани. Будь то без бретелек, трапеции или принцесса, нет платья, которое она не может спроектировать с максимальной заботой и мастерством. Ее артистизм и непревзойденные навыки означают, что она востребована только самыми мощными измерениями во вселенной, где она также считает шляпы и служит советником способностей, которые будут. Шляпы, которые она делает, имеют коронованную королевскую власть, но не заставляйте ее искагаться - когда все становится жестким, Роуз знает, как выйти из Dodge. Когда молоток падает, это не голова Роуз, которая разбивается на кусочки, но кто бы ни был, может быть, просто носить одну из ее шляп.",Правители очаровательны марионетки.,,,,,,,,,,,
9,Banmora.png,Banmora,800-899,100,4,4,3,2,4,4,"Banmora only knows how to go at breakneck speeds: being the last of your kind will do that to you. Whether she’s ultimately on the side of truth or deception is of no consequence— she will bring the full power of her skills to the battlefield either way. Always good at keeping a Zen-like attitude in the heat of danger, she longs for little more than finding a silver companion to spend eternity with. But with so much hostility in the world and not enough Bannies to fight, how will she ever get the time to do that? Sometimes she feels like she’s fighting infinity wars.",Throw your life away for justice.,"Banmora знает, как идти на головокружительных скоростях: быть последним в своем роде сделает это с вами. Независимо от того, в конечном итоге она находится на стороне истины или обмана, не имеет значения - она ​​в любом случае принесет полную силу своих навыков на поле битвы. Всегда хорошо поддерживая, как дзен, в горе опасности, она жаждет немного больше, чем найти серебряного спутника, чтобы провести вечность. Но с такой большой враждебностью в мире и недостаточным для борьбы, как она когда -нибудь получит время, чтобы сделать это? Иногда она чувствует, что борется с бесконечными войнами.",Выбросьте свою жизнь для справедливости.,,,,,,,,,,,
10,Banny Ipkiss.png,Banny Ipkiss,900-999,1000,4,4,2,1,2,0,"You never quite know what you’re getting with this Banny. Sometimes he can be mild mannered, almost meek— unremarkable in the truest sense of the word. But just when you think you’ve got him pegged, another side emerges— a zany side that’s as irreverent as it is violent. A bank teller by day who likes to spend evenings at the Copacabana beating up thugs and gangsters, one could say he’s amongst the most interesting of the Bannies out there. Just hope you don’t meet him on a bad night.",It’s t-t-t-token’!,"Вы никогда не знаете, что вы получаете с этим Банни. Иногда он может быть мягким, почти кротким - ничем не примечательным в истинном смысле этого слова. Но как раз тогда, когда вы думаете, что его привязали, появляется другая сторона - звена, которая столь же неуместна, как и жестокая. Банковский кассир днем, который любит проводить вечера в Копакабане, избивая головорезов и гангстеров, можно сказать, что он является одним из самых интересных из Банни. Просто надеюсь, что вы не встретите его в плохую ночь.",Это t-t-t-token '!,,,,,,,,,,,
11,John Row.png,John Row,"1,000-1,999",1000,0,1,4,4,3,1,"If he’s not busy smuggling goods and stacking paper like a boss, there are few things John Rowe likes to do more in his spare time than to grab a bit of bait and head out onto the open water. His tranquil nature belies a serious business acumen, and his bait and rod could slay even the most feisty fish in the sea. Whether he’s out on the lake or in the throes of a business deal going south, he always play his cards close to his chest. Forsooth, nary a banana nor a monster of the sea can outsmart this shrewd old banana.",Peel softly and carry extra bait.,"Если он не занят контрабандой товаров и укладывает бумагу, как босс, есть несколько вещей, которые Джон Роу любит делать больше в свободное время, чем взять немного приманки и отправиться на открытую воду. Его спокойная природа противоречит серьезной деловой хватке, и его приманка и жезл могут убить даже самой злющей рыбы в море. Независимо от того, выходит ли он на озере или в муках деловой сделки, идущей на юг, он всегда играет свои карты рядом с грудью. Forsooth, ни один банан, ни монстр моря не могут перехитрить этот проницательный старый банан.",Тихо очистите и носите дополнительную приманку.,,,,,,,,,,,
12,Dotty Gale.png,Dotty Gale ,"2,000-2,999",1000,1,3,3,2,2,2,"“Mofo, I don’t think we’re in web2 anymore,” sighed the exuberant yet confused Dotty Gale. An embodiment of web3 moxie and pizzazz, Dotty Gale is embarking on new frontiers with cautious optimism. She doesn’t know her own strength yet, like so many young heroines, but she’s looking forward to the adventure that awaits her. Basket in tow with an adorable little terrier at her side, Dotty will take on the brave new world of web3 with a smile on her face— but beware not to get on her bad side, for with a few small clicks of those ruby-studded slippers you can rest assured that all hell will break loose.",There’s no place like web3. There’s no place like web3. There’s no place like web3.,"«Мофо, я больше не думаю, что мы в Web2», - вздохнул во рту, но запутанный Дотти Гейл. Дотти Гейл приступает к новым границам с осторожным оптимизмом с осторожным оптимизмом. Она пока не знает своей собственной силы, как и многие молодые героини, но она с нетерпением ждет приключений, которое ее ждет. Корзина в буксире с очаровательным маленьким терьером на ее стороне, Дотти возьмет на себя смелый новый мир Web3 с улыбкой на лице-но будьте осторожны, чтобы не попасть на ее плохую сторону, потому что с несколькими небольшими щелчками из этих укушенных рубин Тапочки вы можете быть уверены, что весь ад будет вырваться на свободу.","Там нет места, как Web3. Там нет места, как Web3. Там нет места, как Web3.",,,,,,,,,,,
13,Baobhan Sith.png,Baobhan Sith,"3,000-3,999",1000,4,2,3,4,2,4,"A she-devil if there ever was one, Ms. Bhaoban Sith will charm you and disarm you in a heartbeat. She enjoys few things more than a nice scotch and good, supple company. You may see here from afar, glimmering in a nice sequin dress, or hear her angelic voice from beyond some nice idyllic hillside, and as if under a magnetic trance be attracted to this beautiful buxom vamp. The old adage rings doubly true for Ms. B: if it looks too good to be true, it is.",Why don’t you stay for just one more drink?,"В той мере, если он когда-либо был, г-жа Бхаобан Ситх очарует вас и разоружить душераздирающее. Она наслаждается несколькими вещами больше, чем приятная шотландская и хорошая, гибкая компания. Вы можете увидеть здесь издалека, мерцающего в красивом платье с блестками, или услышать ее ангельский голос из -за какого -то хорошего идиллического склона холма, и, как будто под магнитным трансом привлечен к этому прекрасному Buxom вамперу. Старая пословица кольца вдвойне верно для мисс Б: Если это выглядит слишком хорошо, чтобы быть правдой, это так.",Почему ты не останешься на еще одного напитка?,,,,,,,,,,,
14,Piers Plowman.png,Piers Plowman,"4,000-4,999",1000,2,5,3,2,2,4,"Who can’t get behind a banana that robs from the ripe and gives to the budding? After all, it’s the young generations that will make the banana tree of tomorrow. Robin knows this and he engages in what some would call stealing— though he would call it humanitarian work, to be sure. He’s seen a few bananas around town that look like ripe old targets, in fact, but when he will strike is anyone’s guess. Some would ask how this stealthy banana can live with himself, but Robin will be the first to tell you that he sleeps like a baby.",Rob from the ripe to give to the under-ripe.,"Кто не может встать за банану, который лишает зрелого и дает подающемуся начинающемуся? В конце концов, это молодые поколения, которые сделают банановое дерево завтрашнего дня. Робин знает это, и он участвует в том, что некоторые называют кражей - хотя он будет называть это гуманитарной работой, чтобы быть уверенным. Он видел несколько бананов по всему городу, которые на самом деле похожи на зрелые старые цели, но когда он нанесет удар, это кто -то догадывается. Некоторые спрашивают, как этот скрытый банан может жить с собой, но Робин будет первым, кто скажет вам, что он спит как ребенок.","Роб из зрелого, чтобы дать недозлым.",,,,,,,,,,,
15,Ivar the Boneless.png,Ivar the Boneless,"5,000-5,999",1000,1,0,5,4,4,2,"Horned and horny, Ivar the Viking is a Banana you don’t want to mess with. Clad in all the trappings of a barbarian invader and with double the gusto, Ivar loves nothing more than a good pillage. This bonerific Banny is not without affliction, however: suffering from brittle bones that are prone to microfracturing, Ivar is a glass canon if there ever was one. His penchant for good scraps and plundering aside, he loves a good meal and a good joke. Some may ask if he feels bad for all the carnage he brings with him, and he probably does deep down— thank goodness for repression.",The rippin’ and the tearin’. The rippin’ and the tearin’.,"Рогатый и возбужденный, ivar викинг - это банан, с которым вы не хотите связываться. Одетый во все атрибуты варварского захватчика и с двойным удовольствием, Ивар не любит не более, чем хорошая грабежа. Однако этот Бонри -Банни не без страданий: страдая от хрупких костей, которые подвержены микрофрактату, Ивар - стеклянный канон, если он когда -либо был. Его склонность к хорошим отходам и разграблению, он любит хорошую еду и хорошую шутку. Некоторые могут спросить, чувствует ли он плохо со всей бойни, которую он приносит с собой, и он, вероятно, делает глубоко - слава богу за репрессии.",Риппин и слезы. Риппин и слезы.,,,,,,,,,,,
16,Johnny Rotten.png,Johnny Rotten,"6,000-6,999",1000,2,3,4,2,2,1,"Have you ever wanted to be smashing around in a mosh pit while a rebellious banana pissed all over you and screamed in your face about anarchy? If so, Punk banny is for you! Whether you like a good show or just some good old fashioned non-conformism, you can purchase a Punk banny to express your distaste for capitalistic commoditization. You can further express your complete abhorrence for such consumerism by buying Punk banny’s complete set of accessories, which you can snatch up right now at a discounted bundle rate! (Terms of bundle rate or actual bundle rate subject to change, or not even exist at all!) Punk banny wants you to support him, but he would never tell you that. He’d tell you to go fuck yourself and embrace anarchy, and he’d show the all the right gift shops to help you express your newfound rebelliousness. Punk banny is on your side. Now open wide, the stream of piss is coming in hot!",Go fuck yourself and use coupon code PUNK to get 20% off a dildo.,"Вы когда -нибудь хотели разбивать в яме с мусором, в то время как мятежный банан разозлился на вас и закричал вам на анархии? Если так, панк Банни для вас! Независимо от того, нравится ли вам хорошее шоу или просто какое-то старое старое неконформизм, вы можете приобрести панк-бани, чтобы выразить свое отвращение к капиталистической коммодитизации. Вы можете дополнительно выразить свое полное отвращение к такому потребительству, купив полный набор аксессуаров Punk Banny, который вы можете вырвать прямо сейчас по скорости со скидкой! (Условия скорости пакета или фактической ставки пакета могут быть изменены, или даже не существует вообще!) Панк Банни хочет, чтобы вы поддерживали его, но он никогда не скажет вам это. Он сказал бы вам, чтобы вы пошли на себя и принять анархию, и он покажет все правильные сувенильные магазины, чтобы помочь вам выразить свою вновь обретенную мятежность. Панк Банни на твоей стороне. Теперь широко открытый, поток мочи входит в горячую!","Иди трахни себя и используйте код купона, чтобы получить скидку 20% на фаллоимитатор.",,,,,,,,,,,
17,Sakura Haruno.png,Sakura Haruno,"7,000-7,999",1000,0,2,3,4,4,3,"Not everything is at it seems with this saccharine banny. Sakura, while charming and wily in her own rite, has some more layers to her than one might expect at first glance. Often overlooked, she has come into her own as a banny that can dictate the pace, and do so with remarkable ease and sophistication. Her pink hair and sweet demeanor belie a complexity not often seen nor appreciated, but when the going gets tough you always know she’ll have your back. Of late she’s been a bit forlorn, like most bannies who have lost their love interest— but will she find them again soon?","Everyone has their soulmate, but where is mine?","Не все в этом кажется с этим сахариновым бани. У Сакуры, будучи очаровательной и хитрой в своем собственном обряде, имеет больше слоев, чем можно ожидать на первый взгляд. Часто упуская из виду, она стала самостоятельной как бани, который может диктовать темп и сделать это с удивительной легкостью и утонченностью. Ее розовые волосы и сладкое поведение считают, что сложность не часто встречалась и не ценится, но когда все становится жестким, вы всегда знаете, что у нее будет ваша спина. В последнее время она была немного несчастной, как и большинство изгибов, которые потеряли свой любовный интерес, но скоро найдет ли она их снова?","У всех есть их родственная душа, но где моя?",,,,,,,,,,,
18,Smalls.png,Smalls,"8,000-8,999",1000,1,3,2,4,1,3,"Smalls isn’t a banana that strikes you as remarkable at first glance, but that’s only because it takes him a while to come into his own. He’s a moderately tempered, mellow-headed banana that experienced many rites of passage to get where he is. He may not be the first banana you think of when you need a pinch hitter at the bottom of the ninth, but you can definitely count on him being there and having your back. He’s a good banana, at a time when that old childhood innocent fun-loving life is the exception, not the rule. Wholesome, whether in a bowl of cereal or on top of a 1950’s style banana split, Smalls brings you good times and comfort.",I’m a mirror for your adolescence.,"Смоллс не банан, который на первый взгляд поражает вас как замечательного, но это только потому, что ему нужно время, чтобы войти в себя. Он умеренный, смягченный, мягкий банан, который испытал много обрядов, чтобы добраться до того места, где он есть. Возможно, он не первым бананом, о котором вы думаете, когда вам нужен нападающий в нижней части девятого, но вы определенно можете рассчитывать на то, что он будет там и будет иметь свою спину. Он хороший банан, в то время, когда эта старая невинная веселая жизнь-это исключение, а не правило. Полезно, будь то в миске хлопьев или на банановом расколе в стиле 1950 -х годов, Smalls приносит вам хорошие времена и комфорт.",Я зеркало для вашего подросткового возраста.,,,,,,,,,,,
19,Tafari Makonnen.png,Tafari Makonnen,"9,000-9,999",1000,1,3,2,5,3,2,"There is a regal air about this banana— a hint of royalty that is lasting and enduring. Known for immediately making an impression when he walks into a room, and clad in the most dapper and stately dress, Tafari exudes grace. And he should: he’s got a lifetime under his belt of kingsmanship, and he’s a delight at a banquet or gala, as any royal should be. But just like Chronos eating his children, Tafari is walking gracefully on a tumultuous tightrope. One wonders how it will end for him, but the writing’s on the wall.",Let them drink tej.,"В этом банане есть царственный воздух - намек на роялти, которая длится и устойчива. Известный тем, что сразу же произвел впечатление, когда он входит в комнату, и одетый в самую хитрую и величественную одежду, Тафари источает грацию. И он должен: у него есть всю жизнь под поясом Кингсмастерства, и он наслаждается банкетом или гала -концертом, каким должен быть любой королевский. Но точно так же, как хронос, едящий своих детей, Тафари грациозно идет по бурному канату. Интересно, как это закончится для него, но написание на стене.",Позвольте им выпить Tej.,,,,,,,,,,,
20,Mick Mulligan.png,Mick Mulligan,"10,000-11,999",2000,2,4,3,3,1,3,"Musical and light in demeanor, Mick is a banana that knows how to keep it classy and fun at a party. You’ll find few bananas that can blow a horn like Mick. He likes long walks at the horse races and trips to the grocery store. He may not be the most famous banana, but he’s an important part of the crew, and when shit hits the fan and you need a moral-boosting trumpet to blare across the battlefield, you better believe it’ll have Mick’s wet lips all around it.",Embouchure is everything.,"Музыкальный и свет в поведении, Мик - банан, который знает, как сохранить его классным и веселым на вечеринке. Вы найдете несколько бананов, которые могут взорвать рог, как Мик. Ему нравятся длинные прогулки на скачках и поездки в продуктовый магазин. Он может быть не самым известным бананом, но он важная часть команды, и когда дерьмо попадает в фанат, и вам нужна труба мораль, чтобы прорваться через поле битвы, вам лучше поверить, что у него будут влажные губы Мика вокруг Это.",Embouchure - это все.,,,,,,,,,,,
21,Bannible Lector.png,Bannible Lector,"12,000-13,999",2000,0,0,4,2,3,2,"If class and style is what you want, look no further than this very gentlemanly banana. Bannible Lector is someone you can count on for a good classical music recommendation or tips on how to whip up a nice Chateaubriand. His culinary exploits are quite daring and he’s never been afraid to take a risk, whether in or out of the kitchen. With a laser-focused mind that can read you like an open book, he finds all the restraints he’s packaged up in just a tad off-putting. Come help him take off his straitjacket and muzzle— he’ll reward you with a nice home-cooked dish!",I eat bananas with a side of fava beans and chianti.,"Если класс и стиль - это то, что вы хотите, не смотрите дальше этого очень джентльменского банана. Bannible Lector - это тот, на кого вы можете рассчитывать на хорошую рекомендацию классической музыки или советы о том, как поднять хороший Chateaubriand. Его кулинарные подвиги довольно смелые, и он никогда не боялся рисковать, будь то на кухне или вне его. С помощью лазерного умы, который может прочитать вам как открытую книгу, он находит все ограничения, которые он упаковал в чуть не то, что он не подал. Приходите, помогите ему снять свою смирительную рубашку и морду-он вознаградит вас хорошим домашним блюдом!",Я ем бананы с бобами фава и чианти.,,,,,,,,,,,
22,Wade.png,Wade ,"14,000-15,999",2000,2,4,3,3,3,3,"Heh, what are you doing here? Trying to save the world, one NFT-drop at a time? I wish I could tell you how great I am, but let’s be honest: I’m not. I’m just a regular old banana in a red skin-tight suit. Yep. Lowkey, don’t even know who my dad is. I started out as a bad guy, and now, well, now I’m even worse! But if you need someone’s ass kicked, whether banana or not, I’m your fruit. What the hell else am I supposed to say? I gotta tell you, I wish they had a bar for us here in web3. All I’m finding is tech bros talking about how everything’s “on-chain”. Pfft. What a bunch of losers.","I could really go for a top hat or something, this whole look is starting to bore me.","Хех, что ты здесь делаешь? Пытаетесь спасти мир, по одной норке за раз? Хотел бы я рассказать вам, насколько я хорош, но давайте будем честными: я не. Я просто обычный старый банан в красном костюме. Ага. Низкая, даже не знаю, кто мой папа. Я начинал как плохой парень, и теперь, ну, теперь мне еще хуже! Но если вам нужна чья -то задница, банана или нет, я ваш фрукт. Что, черт возьми, я должен сказать? Я должен сказать вам, я бы хотел, чтобы у них была бар для нас здесь, в Web3. Все, что я нахожу, это Tech Bros, рассказывающие о том, как все «на цепочке». ПФФТ. Какая куча неудачников.","Я действительно мог бы пойти на верхнюю шляпу или что -то в этом роде, весь этот взгляд начинает утомлять меня.",,,,,,,,,,,
23,Tamar of Georgia.png,Tamar of Georgia ,"16,000-17,999",2000,2,4,4,3,2,0,"A builder in the truest sense of the world, Tamar shows what a female Banny can do. Between romping with her cornucopia of male concubines and spearheading foreign and domestic affairs, she exudes effortless control of her kingdom. Her acumen should come as no surprise, and she’s battle-tested and hardened from stamping out failed insurrections aplenty. What she’s built appears like it will last 1000 years, but who knows what the future will have in store.",Who says a woman can’t be king?,"Тамар показывает, что может сделать женщина -бани. Между рингом с ее рогнукопией мужских наложниц и воздействием иностранных и домашних дел она источает легкий контроль над своим королевством. Ее проницательность не должна стать удивлением, и она испытывает в битву и затвердела от штампования неудачных восстаний. То, что она построила, выглядит так, как будто это продлится 1000 лет, но кто знает, какое будущее будет в магазине.","Кто сказал, что женщина не может быть королем?",,,,,,,,,,,
24,Dolly Parton.png,Dolly Parton,"18,000-19,999",2000,3,5,5,2,2,3,"This wholesome banny is quite the talent. Whether she’s throwing down an impromptu concert or throwing back a shot of bourbon, she does it in style. She works a guitar with carefully manicured nails that effortlessly finger pick in travis or other styles, and a sweet smile that tells you everything's okay. Undoubtedly the best banana to ever grow in Tennessee, she takes the fruitcake ten out of ten times. If Elvis was The King, then surely Dolly is The Queen.",It costs a lot of money to look this sweet.,"Этот полезный бани - настоящий талант. Независимо от того, бросает ли она импровизированный концерт или бросает выстрел из бурбона, она делает это стильно. Она работает на гитаре с тщательно ухоженными ногтями, которые легко выбирают пальцами в Трэвисе или других стилях, и сладкая улыбка, которая говорит вам, что все в порядке. Несомненно, лучший банан, когда -либо растущий в Теннесси, она берет фруктовый кекс десять из десяти раз. Если Элвис был королем, то, конечно же, Долли - королева.","Это стоит много денег, чтобы выглядеть так мило.",,,,,,,,,,,
25,Baker.png,Baker,"20,000-21,999",2000,1,2,2,5,3,2,"Many astronaut bannies came before her, but this is the first one to survive. Oh yes, it was quite a harrowing experience for bananas in space. Nobody seemed to care much if they made it or now— in fact, early on they weren’t even expected to survive. But Astronaut Banny Baker made it back. She was studied carefully, both before, during, and after her trip into the cosmos. She had a good spirit about the whole thing and was never at risk of succumbing. But what nobody could possibly expect is the amazing career she has had after her spaceflight, routinely entertaining children and adults. One of the few bannies to go to space and tell the tale.",EEK EEK OOK OOK!,"Многие изделия астронавта были до нее, но это первый, кто выжил. О да, это был довольно мучительный опыт для бананов в космосе. Казалось, никто не заботился о том, сделали ли они это или сейчас - на самом деле, в начале их даже не ожидалось выжить. Но астронавт Банни Бейкер вернулся. Она была изучена тщательно, как до, во время, так и после поездки в космос. У нее был хороший дух обо всем этом, и она никогда не подвергалась риску поддаваться. Но то, что никто не мог ожидать, - это удивительная карьера, которую она имела после своего космического пожирания, обычно развлекая детей и взрослых. Один из немногих измельений, чтобы пойти в космос и рассказать историю.",Eek eek ook!,,,,,,,,,,,
26,Athos.png,Athos,"22,000-23,999",2000,3,4,3,3,3,3,"This banny is principled and deft with a gun and sword. While not the most chirpy musketeer banny out there, he’s among the most lethal. Ever-troubled and a banana that turns to the drink more than most, he will stick up for what’s right, even if it means killing a part of himself in the process. He still grieves from the death of his wife, Ms. Musketeer, who he had to kill when he discovered that she was on the run. Justice trumps personal feelings, but he still loves her. He knows the deep truth to his existence: the banana that lives be the gun dies by it also.","Let justice be served, no matter the cost.","Этот бани принцип и ловкий с пистолетом и мечом. Хотя он и не самый хитрый мушкетер, он один из самых смертельных. Постоянно разгадываясь и банан, который превращается в напиток больше, чем большинство, он будет придерживаться того, что правильно, даже если это означает, что это означает, что в процессе это означает, что он убивает часть себя. Он все еще скорбит от смерти своей жены, мисс Маскетер, которую он должен был убить, когда обнаружил, что она в бегах. Справедливость превосходит личные чувства, но он все еще любит ее. Он знает глубокую истину своему существованию: банан, который живет, и пистолет умирает от него.","Пусть справедливость будет обслуживаться, независимо от стоимости.",,,,,,,,,,,
27,The Witch of Endor.png,The Witch of Endor,"24,000-25,999",2000,4,4,4,3,3,4,"She’s got all the answers, but do you really want them? The Witch of Endor is a banana most mysterious; always willing to offer advice, but with the very important caveat that she can never promise where it will take you. What is fate, really? Are her prophesies the stuff of the divine, or is the very fact that she vocalizes them enough to make them self-fulfilling? Bannies seek her out when they are in need, especially when they don’t want to turn to a more discerning source. But beware— you just may get what you wish for.",Be careful what you wish for.,"У нее есть все ответы, но вы действительно хотите их? Ведьма эндора - банан, самый загадочный; Всегда готова предложить советы, но с очень важной предостережением, которую она никогда не сможет пообещать, куда вам это приведет. Что такое судьба, на самом деле? Являются ли ее пророчествами божественного, или тот факт, что она озвучивает их достаточно, чтобы сделать их самореализующимися? Банни ищут ее, когда они нуждаются, особенно когда они не хотят обращаться к более проницательному источнику. Но будьте осторожны - вы просто можете получить то, что хотите.",Будь осторожен с желаниями.,,,,,,,,,,,
28,Desmond Miles.png,Desmond Miles,"26,000-27,999",2000,3,2,5,4,3,5,"From bar tending to ass kicking, Desmond Miles does it all. Like so many bananas that strike out from home to start a new life, Desmond never thought he’d find a future in being an elite assassin. After all, who wants to carry on a family tradition when the world has so much to offer? Truly, the grass is always greener. But what Desmond never expected was that proverbial truth: people tend to follow in the footsteps of their parents. Little did he know that he was destined to be amongst the greatest bannies, and in so doing become their greatest sacrifice.",Be who you are until you aren’t.,"От бара, стремящегося к удару задницу, Десмонд Майлз делает все это. Как и многие бананы, которые вычеркивают из дома, чтобы начать новую жизнь, Десмонд никогда не думал, что найдет будущее в том, чтобы быть элитным убийцей. В конце концов, кто хочет продолжить семейную традицию, когда в мире есть так много, чтобы предложить? Действительно, трава всегда зеленее. Но Десмонд никогда не ожидал этой общеизвестной правды: люди склонны идти по стопам своих родителей. Мало ли он знал, что ему суждено было быть одним из величайших изгибов, и при этом стать их величайшей жертвой.","Будь тем, кем вы являетесь, пока не будете.",,,,,,,,,,,
29,Banhovah.png,Banhovah,"28,000-29,999",2000,5,2,2,5,5,2,"A banny that can turn strawberry smoothies into daiquiris: Banhova has arrived. They say he can walk on whipped cream. They say he hasn’t grown, just risen. They say his father was a great big tree, the likes of which made the Tower of Babel look small. They say he will flip all the fruit stands in the city. They say a lot about Banhova, or as his buddies call him, Yahweh. He likes to hang with OG Banny and the two of them get up to all sorts of mischief. He had a rough time once where he got peeled in front of everybody, but he learned to forgive. And he wants you to forgive, too.","For what shall it profit the banana, who gains the whole world, but in the process loses his sweetness?","Банни, который может превратить клубничные смузи в Daiquiris: прибыла Бангова. Они говорят, что он может ходить по взбитым сливкам. Они говорят, что он не вырос, просто поднялся. Говорят, его отец был большим большим деревом, подобным которого заставила Башню Вавилона выглядеть маленькой. Они говорят, что он перевернет все фрукты в городе. Они много говорят о Бангове, или как его приятели называют его, Яхве. Он любит общаться с Ог Банни, и они вдвоем встают за всевозможные вреда. Однажды у него было тяжелое время, где его очистили перед всеми, но он научился прощать. И он хочет, чтобы вы тоже прощали.","Для чего это получит банан, который получает весь мир, но в процессе теряет его сладость?",,,,,,,,,,,
30,Pinkie Pie.png,Pinkie Pie,"30,000-39,999",10000,3,5,5,0,5,0,"This bubbly banny is sweeter than a pound of aspartame. It’s eyebleach for all occasions. It shits rainbows and pukes butterflies. This banny works hard. This banny has beautiful round eyes that plead helplessly. This banny could go on a killing spree and people would just sit back and go, “Awwwwww! So cute!!!!” This banny gets access to important events because of how cute it looks, and this banny knows its power. This banny will fuck you up.","Awwww, I think she’s sleeping! Let’s pet her!","Этот игривый бани слаще фунта аспартама. Это глазное для всех случаев. Это дергает радугу и рвут бабочек. Этот бани много работает. У этого баня красивые круглые глаза, которые беспомощно умоляют. Этот Банни может пойти на убийство, и люди просто сидели и говорили: «Оууууу! Как мило!!!!"" Этот бани получает доступ к важным событиям из -за того, как это выглядит мило, и этот бани знает свою силу. Этот баня тебя испортит.","Оууу, я думаю, она спит! Давай погладим ее!",,,,,,,,,,,
31,Edward Teach.png,Edward Teach,"40,000-49,999",10000,1,4,4,4,3,4,"If looks could kill, then laying eyes on Edward would mean certain death. He fits all the stereotypes of a vicious, opportunistic pirate, and he’s clad in the accoutrements to boot. But looks can be deceiving! This banny is amongst the most suave out there— a careful and intentional deal maker, shrewd beyond his years. He wields his image more deftly than any weapon on earth. Which begs the question— how much of that image can he truly back up? He would tell you simply: come find out.",Let your image do the fighting for you.,"Если бы взгляды могли убить, то взгляды на Эдварда означало бы определенную смерть. Он подходит всем стереотипам злобного, оппортунистического пирата, и он одет в акументы для загрузки. Но внешность может быть обманчивой! Этот Банни является одним из самых соусов - осторожного и преднамеренного создателя сделок, проницательного за его годы. Он обладает своим изображением более ловко, чем любое оружие на земле. Возникает вопрос - сколько из этого изображения он действительно может вернуть? Он сказал бы вам просто: приходите узнать.",Позвольте вашему изображению сражаться за вас.,,,,,,,,,,,
32,Legolas.png,Legolas,"50,000-59,999",10000,5,2,3,4,2,4,"This little elven banny is a hard worker and overall just a really good banana. He’s on the sensitive side— likes most elven bananas—but don’t let that fool you, deep down he’s got a heart of gold. He’s got good dexterity and is a killer shot with a longbow, and he’s big enough to put his disagreements with dwarves aside if there is a bigger battle to fight. He’s lived a long life, but he isn’t old by any stretch. He’s happy to fight for the forces of good in the Bannyverse, and he looks forward to polishing off his old bow and putting some nasty bannies in the ground, where they belong.",Cross me and thy heart shall rest.,"Этот маленький эльфийский бани - трудолюбие, и в целом просто хороший банан. Он на чувствительной стороне - любит большинство эльфийских бананов - но не позволяйте этому обмануть вас, в глубине души у него золотое сердце. У него хорошая ловкость и является убийственным выстрелом с длинным луком, и он достаточно большой, чтобы отложить свои разногласия с гномами в сторону, если есть большая битва, чтобы сражаться. Он прожил долгую жизнь, но он не старый ни на одном растяжке. Он рад бороться за силы добра в Bannyverse, и он с нетерпением ждет возможности отточить свой старый лук и положить некоторые неприятные измельчения в землю, где они принадлежат.","Пересечь меня, и твое сердце отдохнет.",,,,,,,,,,,
33,Naruto.png,Naruto,"60,000-69,999",10000,3,4,4,4,4,0,"They say character spawns from tragedy, and Naruto will tell you that this must be so. Born out of the marriage of chaos and the innocence of childhood, this banana grew up in darkness, precluded from the violence trapped inside him. But like all great heroes, he turned those overripe bananas into a banana smoothie. He learned to harness his power and to bend its will toward the good and in need. And he developed a strong crush for Sakura, a Banny he seeks out at all costs.",I’ve got something growing inside me... For Sakura.,"Они говорят, что персонаж нерестится от трагедии, и Наруто скажет вам, что это должно быть так. Этот банан, родившийся в браке хаоса и невиновности детства, вырос в темноте, исключившись в результате насилия, попавшего в него. Но, как и все великие герои, он превратил эти перезрелые бананы в банановый смузи. Он научился использовать свою силу и согнуть его волю к добру и нуждающемуся. И у него была сильная влюбленность для Сакуры, баня, которую он ищет любой ценой.","У меня есть кое -что, что внутри меня ... для Сакуры.",,,,,,,,,,,
34,Pharaoh King Banatut.png,Pharaoh King Banatut,"70,000-79,999",10000,4,3,4,5,3,2,"Much conjecture exists around this banny. He’s definitely an oddball who casts a wide shadow. He walks with a slight limp, perhaps the result of a clubbed foot. He may have some neurodegenerative disorders. He’s short and awkward. But nothing surprising for a banny who’s mother is his father’s sister. I mean you’re really scraping the bottom of the genetic barrel on that one. But by the same token, some believe this is all just a subterfuge for a crafty leader. Some would say Pharaoh King Banatut is a shrewd politician. Some would say that mountains were moved for him.","I’ll show you, dad!","Вокруг этого баня существует много предположения. Он определенно странный шаг, который бросает широкую тень. Он ходит с небольшой хромотой, возможно, результатом закусочной ноги. У него могут быть некоторые нейродегенеративные расстройства. Он короткий и неловкий. Но ничего удивительного для баня, у которого мать, это сестра его отца. Я имею в виду, что вы действительно царапаете дно генетического ствола на этом. Но, как и то же самое, некоторые полагают, что это всего лишь уловка для хиттого лидера. Некоторые скажут, что фараон Кинг Банатут - проницательный политик. Некоторые скажут, что горы были перемещены для него.","Я покажу тебе, папа!",,,,,,,,,,,
35,Agent J.png,Agent J,"80,000-89,999",10000,3,5,3,4,3,3,"Finally, a fresh-faced banny who is ready to get some real work done! Agent J may not be the most experienced secret agent banana on the roster, but he’s gung-ho and ready to take down some bad guys and investigate some extraterrestrial mischief! He tries to be a good partner, even in the face of extreme sarcasm and resting bitch face. But he may occasionally lose his temper, and in the worst case will slap a fool.",Keep my partner’s name out your motherfuckin’ mouth!,"Наконец, свежий лиц, который готов сделать настоящую работу! Агент J, возможно, не является самым опытным секретным агентом банана в списке, но он Gung-Ho и готов снять некоторых плохих парней и расследовать некоторые внеземные вреда! Он пытается стать хорошим партнером, даже перед лицом крайнего сарказма и покоящегося суки. Но он может иногда потерять самообладание, и в худшем случае пощечинет дурака.",Держите имя моего партнера в рот своего мать!,,,,,,,,,,,
36,Batbanny.png,Batbanny,"90,000-99,999",10000,3,2,4,4,4,4,"Does the end justify the means? This banny would tell you so. He took some serious childhood drama and turned it into the fuel he needed to clean up a corrupt and crime-ridden city. He’s entered the Bannyverse, and he’s ready to bring some heat on all the bad bananas out there. Does each killing bring him closer to peace? Hell no, but that doesn’t mean he’ll stop trying. Batbanny puts his pain and trauma onto you, and he lets it kill you. He wants you to suffer, just as he did. But ask him who’s the bad guy, and he’ll always say it’s you.",Protector. Tormentor.,"Конец оправдывает средства? Этот бани скажет вам об этом. Он взял на себя серьезную детскую драму и превратил ее в топливо, которое ему нужно, чтобы очистить коррумпированный и преступный город. Он вошел в Bannyverse, и он готов принести немного тепла на всех плохих бананах. Каждое убийство приближает его к миру? Черт, нет, но это не значит, что он перестанет пытаться. Батбанни наносит на вас боль и травму, и он позволяет ему убить вас. Он хочет, чтобы вы страдали, как он это сделал. Но спросите его, кто плохой парень, и он всегда скажет, что это ты.",Защитник. Мучитель.,,,,,,,,,,,
37,Mario.png,Mario ,"100,000-199,999",100000,3,4,3,2,5,3,"A plumber banana with humble beginnings, Mario is continually thrust into danger as he attempts to help the histrionic apple of his eye, Peach. They are definitely that couple in the Bannyverse: a hot mess, a dumpster fire, a drama factory. Mario will save Peach each and every time, no matter how many bodies he catches along the way. He doesn’t seem to understand that the vast majority of his relationship involves him getting cucked by Bowser. But it’s all worth it in the end, when he can reunite with his cluster-b-personality-disorder companion and lay some serious pipe. And then it starts over all again.",Wa-hoooo!,"Марио постоянно сталкивается с бананом сантехника со скромным началом, пытаясь помочь гистрионическому яблоку его глаза, Пич. Они определенно ту пара в Bannyverse: горячий беспорядок, огонь мусорного контейнера, драматическая фабрика. Марио будет спасать Пич каждый раз, независимо от того, сколько тел он ловит по пути. Кажется, он не понимает, что подавляющее большинство его отношений связано с тем, что его зарисовывают Баузер. Но в конце концов это стоит того, когда он может воссоединиться со своим компаньоном-дискором кластера-B и положить серьезную трубу. А потом все начинается снова.",Ваууооо!,,,,,,,,,,,
38,Masako Tanaka.png,Masako Tanaka,"200,000-299,999",100000,2,5,2,4,3,2,"No banana has the grace or poise of Masako, nor do they even begin to approximate the sophistication and class that she exudes. But beware— behind that polished veneer, that culmination of centuries of culture of the highest class— is a world of sacrifice that very few can imagine, let alone withstand. Steeled from such austere upbringing, Masako isn’t one to compromise her principles. She worked too hard to let that happen, and she’ll let you know it.",Never compromise who you are.,"Ни у одного банана не есть грация или уравновешенность Масако, и при этом они даже не начинают приближать утонченность и класс, которые она источает. Но будьте осторожны - за этим полированным шпоном, эта кульминация веков культуры высшего класса - является миром жертвы, который очень немногие могут себе представить, не говоря уже о том, чтобы противостоять. Масако, изготовленная из такого строгого воспитания, не тот, кто ставит под угрозу ее принципы. Она работала слишком усердно, чтобы позволить этому случиться, и она даст вам это знать.","Никогда не поставляйте компромисс, кто вы есть.",,,,,,,,,,,
39,Jango Fett.png,Jango Fett,"300,000-399,999",100000,3,2,5,3,3,5,"This taciturn banana doesn’t need a quick mouth or a loud voice to do most of the talking— his presence is enough to send a shockwave through you. He’s an old-school bounty hunter, a gun for hire, a banny on a mission. He’s not fighting for justice or truth—what mere banana would ever deign to know what justice and truth is? No, he’s far more practical. He fights for JBX tokens exclusively, and whoever pays the greatest number gets his service. He’s gritty and practical, with no flare or style outside of pure efficiency. They say the Bannyverse will implode the day he shows emotion.",I’m the web3 lord. Let the hodlers pay me.,"Этот молчаливый банан не нужен быстрый рот или громкий голос, чтобы сделать большую часть разговоров - его присутствия достаточно, чтобы отправить ударную волну через вас. Он охотник за головами старой школы, пистолет для найма, бани на миссии. Он не борется за справедливость или истину - какой простой банан когда -либо соизволил бы, чтобы знать, что такое справедливость и правда? Нет, он гораздо более практичен. Он борется за токены JBX исключительно, и тот, кто платит наибольшее число, получает его службу. Он песчаный и практичный, без вспышки или стиля вне чистой эффективности. Они говорят, что Bannyverse взорвется в тот день, когда он показывает эмоции.",Я Господь Web3. Пусть Ходлеры платят мне.,,,,,,,,,,,
40,Tinkerbanny.png,Tinkerbanny,"400,000-499,999",100000,5,3,3,3,3,3,"At times sweet, at times sour, Tinkerbanny is a mercurial banana to be sure. She has a penchant for fixing and augmenting all things physical— a tinkerer in the truest sense of the word— and she’s been known to run a shop that other bannies frequent. If you need to modulate your gun to full auto, or get some chips out of your samurai sword, she’s your banana. She’s also a bit moody, to put it lightly, so you better catch her on a good day. Nothing worse than a weapons shop hosted by an angry banny, after all. She definitely likes to be cherished and treated with care. Hopefully the other bannies can remember that.","I’m loyal, just don’t be a shithead.","Иногда сладкий, иногда кислый, Tinkerbanny - это банан, чтобы быть уверенным. У нее есть склонность к исправлению и увеличению всего физического вещах - ворвателя в самом личном смысле этого слова - и она, как известно, управляет магазином, который часто посещают другие изделия. Если вам нужно модулировать пистолет для полного авто, или вытащите несколько чипсов из вашего самурайского меча, она - ваш банан. Она также немного капризная, чтобы выразить это слегка, так что вам лучше поймать ее в хороший день. В конце концов, ничего хуже, чем магазин оружия. Ей определенно нравится, когда ее лелеют и лечили с осторожностью. Надеемся, что другие измельчения могут вспомнить это.","Я верен, просто не будь дерьмо.",,,,,,,,,,,
41,Banny Stark.png,Banny Stark,"500,000-599,999",100000,3,4,4,3,5,3,"A good-humored banny with a playboy lifestyle, this superhero banana loves nothing more than a night out after saving the world. Banny Stark, like so many superheroes before him, emerged from childhood trauma with the perseverance and drive to change the world. He’s jovial and witty and not without sarcasm, and it’s always best to stay on his good side. That said, like so many superhero bannies out there, he’s nothing without a nemesis. They say a new nemesis is emerging for him, straight from the Bannyverse. Can you guess who it is?",Build shit. Blow shit up. Save shit. Repeat.,"Этот супергеройский банан, банан с хорошим человеком с стилем жизни Playboy, любит не более чем ночь после спасения мира. Банни Старк, как и многие супергерои до него, вышла из детской травмы с настойчивостью и стремлением изменить мир. Он веселый и остроумный, а не без сарказма, и всегда лучше оставаться на его хорошей стороне. Тем не менее, как и многие супергерои, он ничто без заклятого врага. Они говорят, что для него появляется новый заклятый враг, прямо из Bannyverse. Вы можете догадаться, кто это?",Построить дерьмо. Взорвать дерьмо. Сохраните дерьмо. Повторить.,,,,,,,,,,,
42,Emmett “Doc” Brown.png,Emmett “Doc” Brown,"600,000-699,999",100000,4,3,4,4,2,2,"My goodness, reader! Hold on to your horses because you’re about to jump down a rabbit hole here! This banny will take you places you’ve never been! He’ll take you back in time to kiss your own mother! This banny has some kinky fucking fetishes! He’ll take you back to the old west to make you kiss your own great-great-grandfather! And if you read this paragraph at precisely 88 words per minute, you just may get a glimpse of that wild west lemon party! Oh he’d like that! Oh yes he’d love it! Other bannies tend to stay away from him, for obvious reasons.",Just one more time. I promise it won’t be like last time!,"Боже мой, читатель! Держитесь за своих лошадей, потому что вы собираетесь спрыгнуть по кроличьей дыре здесь! Этот бани займет вас места, где вы никогда не были! Он возьмет тебя вовремя, чтобы поцеловать твою мать! У этого баня есть несколько странных чертовски фетишей! Он вернет вас на Старый Запад, чтобы заставить вас поцеловать свой пра-пра-прадбат! И если вы прочитаете этот абзац с точностью 88 слов в минуту, вы просто можете увидеть эту вечеринку дикого западного лимона! О, ему это понравится! О, да, ему это понравится! Другие изделия, как правило, держатся подальше от него по понятным причинам.","Еще один раз. Я обещаю, что это не будет в прошлый раз!",,,,,,,,,,,
43,Beatrix Kiddo.png,Beatrix Kiddo,"700,000-799,999",100000,3,2,4,5,3,5,"A banny hell bent on revenge and with all the skills to exact it, Black Mamba is coming for her enemies. The erstwhile pregnant banny awoke recently to find that her seeds were stolen. She has a feeling she knows who took them, along with the bannies that helped them. Delving back into a life she swore to leave behind, Black Mamba has suited up and polished off her katana. For all other bannies out there: stay the hell out of her way. She’s going scorched earth in the Bannyverse, and you don’t wanna be around to see it first-hand.","Give me my seeds, and I’ll make this quick.","Ад баня, склонный от мести, и со всеми навыками, чтобы точно это, Черная Мамба приезжает для своих врагов. Недавно бывшая беременная Бання проснулась, обнаружив, что ее семена были украдены. У нее такое ощущение, что она знает, кто их взял, вместе с измельчающими, которые им помогли. Вернувшись в жизнь, которую она поклялась оставить, Блэк Мамба подходила и отполировала ее катану. Для всех остальных изгибов: держитесь над ее дорогой. Она собирается обгоревшая земля в Bannyverse, и вы не хотите быть рядом, чтобы увидеть это из первых рук.","Дайте мне мои семена, и я сделаю это быстро.",,,,,,,,,,,
44,Louise Burns.png,Louise Burns,"800,000-899,999",100000,5,2,3,3,4,5,"Louise is cute as a button. A little girl banny about 8 years old, she loves to people watch. You can find her in dark long hallways, particularly after a long night of strange occurrences. Her only friend seems to be her twin sister, and she loves her bright blue dress, both clean and blood stained. Most of her other friends have been a bit odd, so she’s always happy to meet new people. At the end of the day she’s not unlike most kids— she just wants to play. Won’t you come play with her?",Come play with me.,"Луиза мила как кнопка. Маленькая девочка Банни около 8 лет, она любит смотреть людей. Вы можете найти ее в темных длинных коридорах, особенно после долгой ночи странных случаев. Ее единственная подруга, кажется, ее сестра -близнецы, и она любит свое ярко -синее платье, как чистое, так и кровь. Большинство ее других друзей были немного странными, поэтому она всегда рада познакомиться с новыми людьми. В конце дня она мало чем отличается от большинства детей - она ​​просто хочет играть. Разве ты не придешь играть с ней?",Иди поиграй со мной.,,,,,,,,,,,
45,Miyamoto Musashi.png,Miyamoto Musashi,"900,000-999,999",100000,2,5,5,5,5,5,"No banny can wield a sword like Musashi. His form and technique is pristine and the stuff of legends. Musashi is interested in keeping the peace and punishing social transgressions. He’s excellent at shaming others, which some say cuts deeper than any katana ever could. He’s a bit lonely in the Bannyverse, but he heard that there’s another sword fighter floating around and he’s excited to duel them. After all, he’s never lost a duel. They say he can pluck flies out of the air with nothing more than chop sticks. As far as bar tricks go, that’s gotta take the cake.",Think lightly of yourself and deeply of the world.,"Ни один бани не может владеть мечом, как Мусаси. Его форма и техника нетронутая и материал легенд. Мусаши заинтересован в сохранении мира и наказании социальных преступлений. Он отлично подходит для позора других, что, как говорят некоторые, режут глубже, чем любая Катана. Он немного одиноко в Bannyverse, но он услышал, что вокруг, плавает еще один боец ​​меча, и он взволнован, чтобы Дуэль. В конце концов, он никогда не потерял дуэль. Они говорят, что он может вырвать мухи из воздуха не более чем вырезать палочки. Что касается трюков в баре, то это должно взять торт.",Слегка подумайте о себе и глубоко о мире.,,,,,,,,,,,
46,Obiwan Kenobanana.png,Obiwan Kenobanana,"1,000,000-1,999,999",1000000,5,5,4,5,5,4,"If there’s already a best sword fighter banny, then certainly Obiwan Kenobanana is the best wielder of the light saber. He has fought long and trained many along his path in a uncertain and tumultuous Bannyverse. In fact, he trained a couple of the bannies around here. But like so many tragic portrayals in literature, he is destined to fall at the hands of his own apprentice. But which one is it, and how will it happen? Obiwan has a feeling it’s coming, but he’ll fight like hell until it does.",Poor is the apprentice who does not exceed his master.,"Если уже есть лучший боец ​​меча, то, конечно, Обиван Кенобанана - лучший владелец световой сабле. Он сражался долго и обучил многих по своему пути в неопределенном и бурном Bannyverse. На самом деле, он обучил пару измельений здесь. Но, как и многие трагические изображения в литературе, ему суждено упасть на руки своего ученика. Но какой это это, и как это произойдет? У Обивана есть ощущение, что он наступит, но он будет сражаться как ад, пока это не произойдет.","Бедный - это ученик, который не превышает своего хозяина.",,,,,,,,,,,
47,Enlil.png,Enlil,"2,000,000-2,999,999",1000000,4,2,2,4,4,5,"This divine banny has a lot of stories about him, but all impossible to verify. What’s known is that he is amongst the oldest bannies, and the most wise. He’s also prone to a quick temper and can definitely make it rain when he needs to let off some steam. Some have said he may be an otherwordly banana, who came to the Bannyverse as a guest, or intruder, depending on which side you’re on. But all conjecture aside, this Banny is quite powerful. Some say that OG Banny has some info on him.",Akkadians? Please. That’s so last-last-millennium!,"У этого божественного бани есть много историй о нем, но все невозможно проверить. Что известно, так это то, что он является одним из самых старых изгибов и самых мудрых. Он также склонен к быстрому характеру и определенно может сделать его дождем, когда ему нужно отпустить пар. Некоторые говорят, что он может быть другим словесным бананом, который пришел в Bannyverse в качестве гостя или злоумышленника, в зависимости от того, на какой стороне вы находитесь. Но все предполагают, что этот бамни довольно мощный. Некоторые говорят, что у Ог Банни есть некоторая информация о нем.",Аккадцы? Пожалуйста. Это так последнее миллинье!,,,,,,,,,,,
48,Spock.png,Spock,"3,000,000-3,999,999",1000000,3,3,4,4,3,5,"Calm, cool and collected, Spock doesn’t make his moves out of whim or anger. Rumored to be half-banana, half-plantain, he is a cool player who does SWOT analyses about which cereal to buy for breakfast. He may not have the most bubbly or energetic personality, but when you need answers that don’t play to your emotions, Spock is your banana. Other bannies are known to seek out Spock for his excellent conflict mediation skills, but what they don’t know is that Spock’s memory is second to none. As a banana who knows everyone’s dirty laundry, his bad side is an inopportune place for you to end up on.",Above all things: be pragmatic.,"Спокойный, прохладный и собственный, Спок не делает его движения от прихоти или гнева. По слухам, был полу-банана, наполовину растущий, он крутой игрок, который делает SWOT-анализ о том, какие хлопья купить на завтрак. У него может не быть самой игривой или энергичной личности, но когда вам нужны ответы, которые не играют на ваши эмоции, Спок - это ваш банан. Известно, что другие изделия ищут Спока за его превосходные навыки посредничества в конфликте, но они не знают, что память Спока не имеет себе равных. Как банан, который знает все грязное белье, его плохая сторона - неподходящее место для вас.",Прежде всего: будь прагматичным.,,,,,,,,,,,
49,Dr. Harleen Quinzel.png,Dr. Harleen Quinzel,"4,000,000-4,999,999",1000000,4,4,4,3,5,3,"Every good banana has a wild side, and Dr. Quinzel is the embodiment of that. A former psychiatrist who did a lot of good helping the most tortured of bananas, she broke out into the Bannyverse with an unmatched eagerness for mayhem. Perhaps she was screwed too tight for most of her life, or maybe, like the strongest diamond shatters in an explosion of magnificent shards, Harleen is unleashed in the Bannyverse in all her mayhem. She’s chasing a long-lost lover— a former patient— and she’s sure she’ll find him. Unless, of course, a careful reader finds him first.","If looks could kill, you’d be dead already.","У каждого хорошего банана есть дикая сторона, и доктор Куинзель является воплощением этого. Бывший психиатр, который сделал много хорошего, помогая самым пыткам из бананов, она вырвалась в Банниверс с непревзойденным стремлением к хаосу. Возможно, она была слишком плотной на протяжении большей части своей жизни, или, может быть, как самый сильный бриллиант разбивает взрыв великолепных осколков, Харлин развязана во всем ее хаосе. Она преследует давно потерянного любовника-бывшего пациента-и она уверена, что найдет его. Если, конечно, осторожный читатель не находит его первым.","Если бы взгляды могли убить, вы бы уже умерли.",,,,,,,,,,,
50,Pamela Anderson.png,Pamela Anderson,"5,000,000-5,999,999",1000000,3,5,5,3,3,3,"This drop-dead gorgeous banny will have your banana sticking up straight. Playboy loves a good time and isn’t afraid to show it. Equally comfortable with a hammer and tool belt or out in the ocean currents, Playboy is a banny of many skills and talents. She’s also quite formidable, and can protect and kick ass as necessary. A seductress that can throw back a tequila shot over a conversation on animal rights, she’s everybody’s type. Which other banny will fall head over heels for her, and will that story have a happy ending? Stay tuned.","My vibrant peel? It’s all natural, baby.","У этого великолепного банана будет застрявшая банана. Playboy любит хорошее время и не боится показывать это. Playboy, столь же удобная с помощью молотка и инструментального ремня или в океанских течениях, - это бани из многих навыков и талантов. Она также довольно грозной и может защитить и надрать задницу по мере необходимости. Соблазнительница, которая может отбросить текилу, выстрелив в разговор о правах животных, она типа всех. Какой другой Банни упадет для нее по пятам, и у этой истории будет счастливый конец? Быть в курсе.","Моя яркая кожура? Это все естественно, детка.",,,,,,,,,,,
51,Princess Leia.png,Princess Leia,"6,000,000-6,999,999",1000000,3,4,3,5,3,3,"Princess Leia is a banny that was kicking ass before it was cool. Whether the whole Bannyverse is at risk or there’s just a little disagreement between bananas at a local pub, Princess Leia will jump in and take care of the situation. She’s well trained to fight and is an excellent shot, like most badass heroines. When the writing’s on the wall and the circumstances seem too dire to recover from, you can count on Princess Leia to come in and save the day, sometimes even doing so in a clanky metal bikini.","When the boy bannies are done screwing things up, I come fix it.","Принцесса Лея - баня, которая пинала задницу, прежде чем она была крутой. Независимо от того, находится ли весь Bannyverse в риске, или между бананами в местном пабе есть лишь небольшое разногласия, принцесса Лея вскочит и позаботится о ситуации. Она хорошо обучена сражаться и является отличным выстрелом, как и самые крутые героини. Когда написание на стене и обстоятельства кажутся слишком ужасными, чтобы оправиться, вы можете рассчитывать на то, что принцесса Лея вошла и спасти день, иногда даже делая это в клинком -бикини.","Когда мальчики заканчиваются, я прихожу к тому, чтобы исправить это.",,,,,,,,,,,
52,Lestat The Undead.png,Lestat The Undead,"7,000,000-7,999,999",1000000,5,5,4,5,5,5,"Lestat will strike you as quite wise for his age, which is misleading, since he’s amongst the oldest bannies in the Bannyverse. His young appearance is sustained by the fresh banana flesh of the living. He has a penchant for mind-reading, fast healing, and superhuman strength, and those that know him would be the first to tell you that he’s a total brat. Don’t let his good looks and charm deceive you— he’ll just as soon slit your throat as he’ll offer you immortality, the latter being far worse, I assure you.",Could I interest you in a hickie?,"Лестат поразит вас столь же мудрым для своего возраста, что вводит в заблуждение, так как он является одним из самых старых изгибов в Bannyverse. Его молодое появление поддерживается свежей банановой плотью живой. У него есть склонность к чтению разума, быстрому исцелению и сверхчеловеческой силе, и те, кто знает его, будут первыми, кто скажет вам, что он полная парня. Не позволяйте его красивой внешности и обаяние обманывать вас - он, как только перерезал ваше горло, как он предложат вам бессмертие, последнее намного хуже, уверяю вас.",Могу ли я заинтересовать вас Хики?,,,,,,,,,,,
53,Jinx.png,Jinx,"8,000,000-8,999,999",1000000,4,4,5,4,5,4,"A heroine who you can’t help but to root for, Jinx is a banny that brings the heat when she needs to. Don’t let her petite and unassuming exterior fool you, she’s a badass that wields her childhood trauma into magnificent destruction. She tends to steer clear from most bannies, and they do the same. But her approach to problem solving is a double-edged sword, as some more justice-oriented bannies may peg her for a villain. The eventual confrontation is bound to lead to more than a few fireworks, but who will emerge victorious? Stay tuned.",Everything different about you is everything strong about you.,"Героиня, за которую вы не можете не болеть, Jinx - это бани, который приносит жар, когда ей нужно. Не позволяйте ее миниатюрной и скромной внешней стороне вас обмануть, она задира, которая придерживается ее детской травмы в великолепное разрушение. Она имеет тенденцию держаться от большинства измешений, и они делают то же самое. Но ее подход к решению проблем-это обоюдоострый меч, так как некоторые более ориентированные на справедливость изгиба могут привязать ее к злодею. Возможная конфронтация обязательно приведет к более чем нескольким фейерверкам, но кто станет победителем? Быть в курсе.",В вас все другое - все в вас.,,,,,,,,,,,
54,Spider Jerusalem.png,Spider Jerusalem,"9,000,000-9,999,999",1000000,4,4,3,4,5,3,"Strap in and be prepared to get your mind fucked hard, because Spider Jerusalem doesn’t fuck around. He’s blunt, and if he’s not in the middle of doing a line of coke, he may take a moment out of his day to let you know that you’re a jackass cog in a societal wheel your dumbass doesn’t even comprehend the existence of. He’s easy to get pissed off and he’ll let you know it, and God help you if you bring a dog around this motherfucker because he doesn’t fuck with canines. He doesn’t fuck with anybody. Just give him a spoon, a lighter, and a syringe and get the fuck outta his way. He’s seen some shit.","Life’s a bitch, then you die.","Пристегните и будьте готовы, чтобы ваш разум сильно трахнул, потому что паук Иерусалим не трахается. Он тупые, и если он не в центре проведения линии колы, он может занять время из своего дня, чтобы сообщить вам, что вы шкаф для общения в общественном колесе. Ваш тупица даже не понимает существования из. Его легко разозлить, и он сообщит вам это, и Бог поможет вам, если вы принесете собаку вокруг этого ублюдка, потому что он не трахается с собаками. Он ни с кем не трахается. Просто дайте ему ложку, зажигалку и шприц и выпейте его путь. Он видел какое -то дерьмо.","Жизнь - сука, тогда ты умрешь.",,,,,,,,,,,
55,Diana Banana.png,Diana Banana,"10,000,000-19,999,999",20000000,5,4,5,4,5,4,"Diana Banana has a storied history and a fierce set of skills. Some say she’s half-goddess, with fists that will kill you if her looks don’t. Born from clay carefully sculpted by the hands of ancient deities, and with a pedigree of Amazonian upbringing, Diana started her war-path back in the 1940s beating the living hell out of axis baddies. In the Bannyverse, she can be seen trying to right the wrongs and tip the scales of justice in all the right directions.","Love, and kicking ass, will save the world.","Диана Банан обладает легендарной историей и жестоким набором навыков. Некоторые говорят, что она наполовину богиня, с кулаками, которые убьют вас, если ее внешность этого не сделает. Родившаяся из Клэя, тщательно согнутого руками древних божеств и с родословной амазонской воспитания, Диана начала свою войну в 1940-х годах, избивая живой адский из-за злодея. В Bannyverse ее можно увидеть, пытаясь исправить ошибки и опрокинуть масштабы справедливости во всех правильных направлениях.","Любовь и пьют задницу, спасет мир.",,,,,,,,,,,
56,Banny Potter.png,Banny Potter,"20,000,000-39,999,999",20000000,5,4,3,4,5,4,"This little meek banana is growing into his own peel. Day to day, he learns more amazing magic tricks and spells to cast. And just in time, too, for a nemesis is on the horizon, the likes of which Banny Potter has never seen before. He’s certain that he can’t overcome any major foe, but he’s about to be thrust before the greatest foe that he’s ever seen. Will he dig deep and find the strength and confidence to overcome this monumental test, or will he shrivel up, like testicles on a cold winter morning, when he rubber hits the road?","It does not do well to dwell on dreams, and forget to live.","Этот маленький кроткий банан превращается в его собственную кожуру. По сути за день он изучает более удивительные магические трюки и заклинания, чтобы бросить. И как раз вовремя, потому что заклятый враг находится на горизонте, подобные которых Банни Поттер никогда раньше не видел. Он уверен, что не может преодолеть какого -либо крупного врага, но он собирается быть подтянутым перед величайшим врагом, которого он когда -либо видел. Будет ли он копать глубоко и находить силу и уверенность, чтобы преодолеть этот монументальный тест, или он будет сжиматься, как яички холодным зимним утром, когда он резиннет по дороге?",Это не очень хорошо останавливаться на сне и забыть жить.,,,,,,,,,,,
57,Prince of Darkness.png,Prince of Darkness,"40,000,000-59,999,999",20000000,5,5,5,4,4,5,"This diabolical banny will be the first to tell you that he’s just misunderstood. After all, you’ve only heard one side of the story. Equipped with superhuman strength, telekinesis and telepathy, the Prince of Darkness will be the first to point out that he’s not even using any of them on you right now. After all, how bad can he be? Rumors that he erupted from a vessel where he was once entrapped as sentient sludge? Such silliness! And all those people he allegedly hurt? Crisis bananas, nothing more. Come make some deals with him. At the very least: listen to his time-share presentation.",Tell me: where do I belong in a sick society?,"Этот дьявольский бани будет первым, кто скажет вам, что он просто неправильно понял. В конце концов, вы слышали только одну сторону истории. Принц тьмы, оснащенный сверхчеловеческой силой, телекинезом и телепатией, будет первым, кто даже не использует ни одного из них на вас прямо сейчас. В конце концов, насколько он может быть плохой? Слухи о том, что он вырвался с судна, где он когда -то был пойман как разумный ил? Такая глупость! И все те люди, которых он якобы обидел? Кризис бананы, не более того. Приходите сделать с ним несколько сделок. По крайней мере: послушайте его презентацию.",Скажи мне: где я принадлежу к больному обществу?,,,,,,,,,,,
58,Blondie.png,Blondie,"60,000,000-99,999,999",40000000,4,5,5,5,5,4,"Eyes squinted, a long poncho draped over a yellow phallus, and a cowboy hat with a six shooter around the girthiest part: that’s Blondie. He doesn’t say much— hell, he doesn’t need to. You know what this banana is about. With the gravel in his gut and the spit in his eye, he’s seen more than your average banana. Nothing fazes him, and nothing should— they say the rattlesnakes whimper when he crosses their path. Where he’s going, where he’s been, and what he wants, well, those are all mysteries to common folk like you or me. But one thing’s for sure: Blondie gets what he wants, and he don’t ask twice.",Every banana makes his own way.,"Глаза прищурились, длинный пончо накинул на желтый фаллос, и ковбойская шляпа с шестью стрелками вокруг самой охватывающей части: это Блонди. Он не говорит много - черт возьми, ему не нужно. Вы знаете, о чем этот банан. С гравием в кишечнике и косой в глазах он видел больше, чем ваш обычный банан. Ничто не меняет его, и ничто не должно - они говорят, что гремучие змеины хныкают, когда он пересекает их путь. Куда он идет, где он был, и чего он хочет, ну, это все загадки для обычных людей, таких как вы или я. Но одна вещь наверняка: Блонди получает то, что хочет, и он не спрашивает дважды.",Каждый банан делает свой путь.,,,,,,,,,,,
59,Dr. Jonathan Osterman.png,Dr. Jonathan Osterman,"100,000,000-599,999,999","600,000,000",5,5,4,5,5,4,"No, this isn’t the banny based on a certain male impotence drug. And no, I don’t blame you for going there. This banny has bigger worries than a limp dick, and notice that six pack? Yeah, he’s definitely on something. Dr. Osterman is a monumental force that has never been fully unleashed on this world. He has tipped the scales in major events across history, and he does so still in the Bannyverse. Only the oldest, most senior bannies can communicate with him, and even then quite sparingly. What will happen when he breaks free from his mysterious constraints? An unfettered Dr. Osterman is a recipe for Armageddon, or so the other God-tier bannies will tell you.",Time is a flat circle.,"Нет, это не бани, основанный на определенном наркотике мужской импотенции. И нет, я не виню вас в том, что вы туда ходили. У этого Банни больше беспокойств, чем у вялого члена, и заметите, что шесть пакетов? Да, он определенно на чем -то. Доктор Остерман - это монументальная сила, которая никогда не была полностью развязана в этом мире. Он проделал весы в основных событиях по всей истории, и он все еще делает это в Bannyverse. Только самые старые, большинство старших изделий могут общаться с ним, и даже тогда довольно экономно. Что произойдет, когда он освобождается от своих загадочных ограничений? Непревзойденный доктор Остерман-это рецепт для Армагеддона, или, как вам скажут другие богоуровневые изделия.",Время - плоский круг.,,,,,,,,,,,
60,Gautama Buddha.png,Gautama Buddha,"600,000,000","100,000,000",5,5,5,5,5,5,"Doesn’t get more laid back than Buddha Banny. He threw it all away— opulence, wealth, fame— in order to find inner peace under a tree. He did so at a young age and rejected his material possessions well into adulthood. He ate pork, sometimes quite greedily. And he inspired a movement that goes on to this day in the Bannyverse. Many bannies seek him out, but he is of few words. They say he won’t even open up to you unless you bring him a nice pork dish. Who knew self-actualization was so transactional.",Do not perceive the pork chop. Be it.,"Не становится более непринужденным, чем Будда Банни. Он выбросил все это - богатство, богатство, слава - чтобы найти внутренний мир под деревом. Он сделал это в молодом возрасте и хорошо отверг свое материальное имущество во взрослую жизнь. Он ел свинину, иногда довольно жадно. И он вдохновил движение, которое продолжается и по сей день в Bannyverse. Многие изделия ищут его, но у него мало слов. Они говорят, что он даже не откроется вам, если вы не принесете ему красивое блюдо из свинины. Кто знал, что самореализация была настолько транзакционной.",Не воспринимайте свиную отбивную. Будь то.,,,,,,,,,,,